{
  "quotes": [
    {
      "text": "Aku mencintaimu, tapi hatiku harus belajar merelakan. Rinduku padamu menyiksa setiap malam tanpa kau tahu."
    },
    {
      "text": "Cinta tak selalu berakhir bahagia, terkadang kita harus merelakan. Hatiku hancur, tapi aku harus tetap tegar."
    },
    {
      "text": "Diblok, rasanya seperti aku hilang tanpa sebab. Aku di sini, tapi kamu memilih untuk tidak ada."
    },
    {
      "text": "Diammu membuatku bertanya, apakah aku pernah berarti? Atau hanya bayangan yang kau hapus begitu saja."
    },
    {
      "text": "Diblok tanpa kata, aku tersesat dalam sunyimu."
    },
    {
      "text": "Dipaksa senyum, dituntut tegar, padahal hatiku hancur dalam."
    },
    {
      "text": "Setiap kesedihan adalah ujian yang membuatku lebih kuat."
    },
    {
      "text": "Di keramaian, aku tetap sendiri."
    },
    {
      "text": "Kesepian mengajari aku kuat tanpa kata."
    },
    {
      "text": "Hanya sunyi yang menemani malamku."
    },
    {
      "text": "Sendiri bukan pilihan, tapi keadaan."
    },
    {
      "text": "Aku sendirian, tapi tetap bertahan."
    },
    {
      "text": "Kesepian itu terasa, tapi harus dilewati."
    },
    {
      "text": "Sunyi menemani, hati tetap kuat."
    },
    {
      "text": "Terus berharap, tapi yang ku dapat cuma sakit dan kecewa. Kenapa aku harus peduli kalau kamu justru cuek?"
    },
    {
      "text": "Aku lelah berjuang sendiri sementara kamu diam tanpa alasan."
    },
    {
      "text": "Kamu adalah alasan aku bisa tersenyum, tapi juga alasan aku menangis saat ini."
    },
    {
      "text": "Kenapa kamu harus muncul saat aku mulai melupakanmu? Aku nyesel pernah kenal kamu."
    },
    {
      "text": "Bila aku tak berujung denganmu, biarkan kisah ini ku kenang selamanya."
    },
    {
      "text": "Aku nggak perlu jadi apa-apa kalau kamu ada di sisiku, cukup kamu yang selalu bikin hati ini senang."
    },
    {
      "text": "Aku benar-benar minta maaf kalau telah menyakitimu. Aku akan berusaha jadi yang lebih baik karena kamu sangat berarti bagiku."
    },
    {
      "text": "Air mataku adalah doa yang tak terucapkan, melepas luka yang tak terlihat."
    },
    {
      "text": "Hari-hariku hampa tanpa hadirmu."
    },
    {
      "text": "Dalam diam aku menangis, karena kehilangan yang tak terucap."
    },
    {
      "text": "Rindu ini tak pernah berhenti, walau kau jauh di sana."
    },
    {
      "text": "Senyuman palsu menutupi hati yang terluka."
    },
    {
      "text": "Sendiri di keramaian, tapi hatiku tetap kosong."
    },
    {
      "text": "Sedihnya saat mimpi penuh harapan jadi debu."
    },
    {
      "text": "Kecewa pada diri sendiri, kenapa tak bisa melupakanmu."
    },
    {
      "text": "Air mata jadi bahasa perpisahan yang tak terucapkan."
    },
    {
      "text": "Hancur hatiku, cinta palsu hanya meninggalkan luka."
    },
    {
      "text": "Saat aku sedih, tolong jangan tanya ada apa, peluk saja aku."
    },
    {
      "text": "Air mata adalah bahasa hati yang tak berani berkata."
    },
    {
      "text": "Sedih ini seperti senja yang menghilang perlahan tanpa suara."
    },
    {
      "text": "Dalam diam, aku meratap untuk luka yang tak terlihat."
    },
    {
      "text": "Kenanganmu bagai bayang-bayang yang tak bisa kucerah."
    },
    {
      "text": "Hati ini retak, tapi diamku adalah puisi kesedihan."
    },
    {
      "text": "Kenangan terhapus, tapi rasa masih tersisa."
    },
    {
      "text": "Saat hati sepi, kata pun tak mampu bicara."
    },
    {
      "text": "Rindu datang dan pergi seperti angin senja."
    },
    {
      "text": "Sedih itu sederhana, seperti hujan yang jatuh perlahan."
    },
    {
      "text": "Tangis yang lembut, menyapa hati yang rapuh."
    },
    {
      "text": "Kadang hati ini sunyi, tapi aku belajar merangkai luka jadi kekuatan."
    },
    {
      "text": "時々心は静かだけど、僕は傷を強さに変えることを学んでいる。",
      "translation": "Kadang hati ini sunyi, tapi aku belajar merangkai luka jadi kekuatan."
    },
    {
      "text": "悲しみの中で、小さな光を見つけることができた。",
      "translation": "Di tengah kesedihan, aku bisa menemukan cahaya kecil."
    }
  ]
}
