[
  {
    "id": "a706d0439f1e",
    "user": "62895323195263@s.whatsapp.net",
    "product": "Telkomsel Data 1.5 GB 3 Hari (Jawa Tengah - DIY)",
    "provider": "TELKOMSEL",
    "target": "6282179230256",
    "metode": "qris",
    "harga": 8575,
    "token": "73B0F739",
    "status": "PENDING",
    "date": "2025-08-22T14:25:14.627Z"
  },
  {
    "id": "ca8fd4a60004",
    "user": "62895323195263@s.whatsapp.net",
    "target": "6282179230256",
    "metode": "qris",
    "harga": 8575,
    "token": "3BC0F878",
    "status": "PENDING",
    "date": "2025-08-22T14:29:04.506Z"
  },
  {
    "id": "232c32207947",
    "user": "62895323195263@s.whatsapp.net",
    "product": "Telkomsel Data 1.5 GB 3 Hari (Jawa Tengah - DIY)",
    "provider": "TELKOMSEL",
    "target": "6282179230256",
    "metode": "qris",
    "harga": 8575,
    "token": "7374FFCB",
    "status": "PENDING",
    "date": "2025-08-22T14:33:59.704Z"
  },
  {
    "id": "140865fcecd7",
    "user": "62895323195263@s.whatsapp.net",
    "product": "Telkomsel Data 1.5 GB 3 Hari (Jawa Tengah - DIY)",
    "provider": "TELKOMSEL",
    "target": "6282179230256",
    "metode": "qris",
    "harga": 8575,
    "token": "D044CD3A",
    "status": "PENDING",
    "date": "2025-08-22T14:41:50.349Z"
  }
]
