{
  "users": {
    "6285691811105@s.whatsapp.net": {
      "limit": 100,
      "exp": 190,
      "afk": -1,
      "afkReason": ""
    },
    "6285692169659@s.whatsapp.net": {
      "limit": 96,
      "exp": 298,
      "afk": -1,
      "afkReason": ""
    },
    "62895323195263@s.whatsapp.net": {
      "limit": 100,
      "exp": 5041,
      "afk": -1,
      "afkReason": ""
    },
    "186608259178557@lid": {
      "limit": 100,
      "exp": 359,
      "afk": -1,
      "afkReason": ""
    },
    "119404486459630@lid": {
      "limit": 100,
      "exp": 126,
      "afk": -1,
      "afkReason": ""
    },
    "82545312014546@lid": {
      "limit": 100,
      "exp": 143,
      "afk": -1,
      "afkReason": ""
    },
    "183589081739503@lid": {
      "limit": 100,
      "exp": 185,
      "afk": -1,
      "afkReason": ""
    },
    "40506306363434@lid": {
      "limit": 100,
      "exp": 147,
      "afk": -1,
      "afkReason": ""
    },
    "6285399295887@s.whatsapp.net": {
      "limit": 100,
      "exp": 146,
      "afk": -1,
      "afkReason": ""
    },
    "6281399191913@s.whatsapp.net": {
      "limit": 100,
      "exp": 141,
      "afk": -1,
      "afkReason": ""
    },
    "628551000185@s.whatsapp.net": {
      "limit": 100,
      "exp": 107,
      "afk": -1,
      "afkReason": ""
    },
    "6285723207202@s.whatsapp.net": {
      "limit": 100,
      "exp": 118,
      "afk": -1,
      "afkReason": ""
    },
    "145445376544986@lid": {
      "limit": 100,
      "exp": 126,
      "afk": -1,
      "afkReason": ""
    },
    "145578050740442@lid": {
      "limit": 100,
      "exp": 193,
      "afk": -1,
      "afkReason": ""
    },
    "6289519321410@s.whatsapp.net": {
      "limit": 100,
      "exp": 118,
      "afk": -1,
      "afkReason": ""
    },
    "6285871021484@s.whatsapp.net": {
      "limit": 100,
      "exp": 114,
      "afk": -1,
      "afkReason": ""
    },
    "91075117056032@lid": {
      "limit": 100,
      "exp": 106,
      "afk": -1,
      "afkReason": ""
    },
    "242588711973065@lid": {
      "limit": 99,
      "exp": 241,
      "afk": -1,
      "afkReason": ""
    },
    "120363327001976310@g.us": {
      "limit": 100,
      "exp": 105,
      "afk": -1,
      "afkReason": ""
    },
    "10334228193352@lid": {
      "limit": 94,
      "exp": 305,
      "afk": -1,
      "afkReason": ""
    },
    "186689343479996@lid": {
      "limit": 100,
      "exp": 120,
      "afk": -1,
      "afkReason": ""
    },
    "255074248949983@lid": {
      "limit": 100,
      "exp": 105,
      "afk": -1,
      "afkReason": ""
    },
    "173061982707823@lid": {
      "limit": 95,
      "exp": 140,
      "afk": -1,
      "afkReason": ""
    },
    "13778406121589@lid": {
      "limit": 100,
      "exp": 127,
      "afk": -1,
      "afkReason": ""
    }
  },
  "chats": {
    "6285691811105@s.whatsapp.net": {
      "isBanned": false,
      "welcome": true,
      "autoread": false,
      "blacklist": [],
      "tagsw": {
        "delete": false,
        "kick": false
      },
      "detect": false,
      "sWelcome": "",
      "sBye": "",
      "sPromote": "@user telah di promote!",
      "sDemote": "@user telah di demote",
      "delete": true,
      "antiLink": false,
      "mute": false,
      "stiker": false,
      "antiSticker": false,
      "antiSpam": false,
      "freply": false,
      "viewonce": false,
      "useDocument": false,
      "antiToxic": false,
      "expired": 0,
      "antiVirtex": false,
      "badword": false
    },
    "6285692169659@s.whatsapp.net": {
      "isBanned": false,
      "welcome": true,
      "autoread": false,
      "blacklist": [],
      "tagsw": {
        "delete": false,
        "kick": false
      },
      "detect": false,
      "sWelcome": "",
      "sBye": "",
      "sPromote": "@user telah di promote!",
      "sDemote": "@user telah di demote",
      "delete": true,
      "antiLink": false,
      "mute": false,
      "stiker": false,
      "antiSticker": false,
      "antiSpam": false,
      "freply": false,
      "viewonce": false,
      "useDocument": false,
      "antiToxic": false,
      "expired": 0,
      "antiVirtex": false,
      "badword": false
    },
    "62895323195263@s.whatsapp.net": {
      "isBanned": false,
      "welcome": true,
      "autoread": false,
      "blacklist": [],
      "tagsw": {
        "delete": false,
        "kick": false
      },
      "detect": false,
      "sWelcome": "",
      "sBye": "",
      "sPromote": "@user telah di promote!",
      "sDemote": "@user telah di demote",
      "delete": true,
      "antiLink": false,
      "mute": false,
      "stiker": false,
      "antiSticker": false,
      "antiSpam": false,
      "freply": false,
      "viewonce": false,
      "useDocument": false,
      "antiToxic": false,
      "expired": 0,
      "antiVirtex": false,
      "badword": false
    },
    "120363422601326246@g.us": {
      "isBanned": false,
      "welcome": true,
      "autoread": false,
      "blacklist": [],
      "tagsw": {
        "delete": false,
        "kick": false
      },
      "detect": false,
      "sWelcome": "",
      "sBye": "",
      "sPromote": "@user telah di promote!",
      "sDemote": "@user telah di demote",
      "delete": true,
      "antiLink": false,
      "mute": false,
      "stiker": false,
      "antiSticker": false,
      "antiSpam": false,
      "freply": false,
      "viewonce": false,
      "useDocument": false,
      "antiToxic": false,
      "expired": 0,
      "antiVirtex": false,
      "badword": false
    },
    "status@broadcast": {
      "isBanned": false,
      "welcome": true,
      "autoread": false,
      "blacklist": [],
      "tagsw": {
        "delete": false,
        "kick": false
      },
      "detect": false,
      "sWelcome": "",
      "sBye": "",
      "sPromote": "@user telah di promote!",
      "sDemote": "@user telah di demote",
      "delete": true,
      "antiLink": false,
      "mute": false,
      "stiker": false,
      "antiSticker": false,
      "antiSpam": false,
      "freply": false,
      "viewonce": false,
      "useDocument": false,
      "antiToxic": false,
      "expired": 0,
      "antiVirtex": false,
      "badword": false
    },
    "628551000185@s.whatsapp.net": {
      "isBanned": false,
      "welcome": true,
      "autoread": false,
      "blacklist": [],
      "tagsw": {
        "delete": false,
        "kick": false
      },
      "detect": false,
      "sWelcome": "",
      "sBye": "",
      "sPromote": "@user telah di promote!",
      "sDemote": "@user telah di demote",
      "delete": true,
      "antiLink": false,
      "mute": false,
      "stiker": false,
      "antiSticker": false,
      "antiSpam": false,
      "freply": false,
      "viewonce": false,
      "useDocument": false,
      "antiToxic": false,
      "expired": 0
    },
    "6285399295887@s.whatsapp.net": {
      "isBanned": false,
      "welcome": true,
      "autoread": false,
      "blacklist": [],
      "tagsw": {
        "delete": false,
        "kick": false
      },
      "detect": false,
      "sWelcome": "",
      "sBye": "",
      "sPromote": "@user telah di promote!",
      "sDemote": "@user telah di demote",
      "delete": true,
      "antiLink": false,
      "mute": false,
      "stiker": false,
      "antiSticker": false,
      "antiSpam": false,
      "freply": false,
      "viewonce": false,
      "useDocument": false,
      "antiToxic": false,
      "expired": 0,
      "antiVirtex": false,
      "badword": false
    },
    "6289519321410@s.whatsapp.net": {
      "isBanned": false,
      "welcome": true,
      "autoread": false,
      "blacklist": [],
      "tagsw": {
        "delete": false,
        "kick": false
      },
      "detect": false,
      "sWelcome": "",
      "sBye": "",
      "sPromote": "@user telah di promote!",
      "sDemote": "@user telah di demote",
      "delete": true,
      "antiLink": false,
      "mute": false,
      "stiker": false,
      "antiSticker": false,
      "antiSpam": false,
      "freply": false,
      "viewonce": false,
      "useDocument": false,
      "antiToxic": false,
      "expired": 0
    },
    "6285723207202@s.whatsapp.net": {
      "isBanned": false,
      "welcome": true,
      "autoread": false,
      "blacklist": [],
      "tagsw": {
        "delete": false,
        "kick": false
      },
      "detect": false,
      "sWelcome": "",
      "sBye": "",
      "sPromote": "@user telah di promote!",
      "sDemote": "@user telah di demote",
      "delete": true,
      "antiLink": false,
      "mute": false,
      "stiker": false,
      "antiSticker": false,
      "antiSpam": false,
      "freply": false,
      "viewonce": false,
      "useDocument": false,
      "antiToxic": false,
      "expired": 0
    },
    "6281399191913@s.whatsapp.net": {
      "isBanned": false,
      "welcome": true,
      "autoread": false,
      "blacklist": [],
      "tagsw": {
        "delete": false,
        "kick": false
      },
      "detect": false,
      "sWelcome": "",
      "sBye": "",
      "sPromote": "@user telah di promote!",
      "sDemote": "@user telah di demote",
      "delete": true,
      "antiLink": false,
      "mute": false,
      "stiker": false,
      "antiSticker": false,
      "antiSpam": false,
      "freply": false,
      "viewonce": false,
      "useDocument": false,
      "antiToxic": false,
      "expired": 0,
      "antiVirtex": false,
      "badword": false
    },
    "120363267102694949@g.us": {
      "isBanned": false,
      "welcome": true,
      "autoread": false,
      "blacklist": [],
      "tagsw": {
        "delete": false,
        "kick": false
      },
      "detect": false,
      "sWelcome": "",
      "sBye": "",
      "sPromote": "@user telah di promote!",
      "sDemote": "@user telah di demote",
      "delete": true,
      "antiLink": false,
      "mute": false,
      "stiker": false,
      "antiSticker": false,
      "antiSpam": false,
      "freply": false,
      "viewonce": false,
      "useDocument": false,
      "antiToxic": false,
      "expired": 0,
      "antiVirtex": false,
      "badword": false
    },
    "120363327001976310@g.us": {
      "isBanned": false,
      "welcome": true,
      "autoread": false,
      "blacklist": [],
      "tagsw": {
        "delete": false,
        "kick": false
      },
      "detect": false,
      "sWelcome": "",
      "sBye": "",
      "sPromote": "@user telah di promote!",
      "sDemote": "@user telah di demote",
      "delete": true,
      "antiLink": false,
      "mute": false,
      "stiker": false,
      "antiSticker": false,
      "antiSpam": false,
      "freply": false,
      "viewonce": false,
      "useDocument": false,
      "antiToxic": false,
      "expired": 0
    },
    "120363330434416020@g.us": {
      "isBanned": false,
      "welcome": true,
      "autoread": false,
      "blacklist": [],
      "tagsw": {
        "delete": false,
        "kick": false
      },
      "detect": false,
      "sWelcome": "",
      "sBye": "",
      "sPromote": "@user telah di promote!",
      "sDemote": "@user telah di demote",
      "delete": true,
      "antiLink": false,
      "mute": false,
      "stiker": false,
      "antiSticker": false,
      "antiSpam": false,
      "freply": false,
      "viewonce": false,
      "useDocument": false,
      "antiToxic": false,
      "expired": 0
    }
  },
  "stats": {
    "plugins/menu.js": {
      "total": 16,
      "success": 16,
      "last": 1759554264254,
      "lastSuccess": 1759554264254
    },
    "plugins/hidetag.mjs": {
      "total": 3,
      "success": 3,
      "last": 1759408799623,
      "lastSuccess": 1759408799623
    },
    "plugins/brat-sticker.mjs": {
      "total": 5,
      "success": 5,
      "last": 1759409052287,
      "lastSuccess": 1759409052287
    },
    "plugins/addplugin.js": {
      "total": 28,
      "success": 28,
      "last": 1759553924146,
      "lastSuccess": 1759553924146
    },
    "plugins/delplugin.js": {
      "total": 20,
      "success": 20,
      "last": 1759554342661,
      "lastSuccess": 1759554342661
    },
    "plugins/joingc.mjs": {
      "total": 5,
      "success": 5,
      "last": 1759551178011,
      "lastSuccess": 1759551178011
    },
    "plugins/remini-tools.mjs": {
      "total": 2,
      "success": 2,
      "last": 1759410460371,
      "lastSuccess": 1759410460371
    },
    "plugins/backup.js": {
      "total": 3,
      "success": 3,
      "last": 1759541566014,
      "lastSuccess": 1759541566014
    },
    "plugins/owner-exec.js": {
      "total": 11,
      "success": 11,
      "last": 1759543138273,
      "lastSuccess": 1759543138273
    },
    "plugins/sewa.mjs": {
      "total": 3,
      "success": 3,
      "last": 1759461009417,
      "lastSuccess": 1759461009417
    },
    "plugins/getplugin.js": {
      "total": 4,
      "success": 4,
      "last": 1759544737113,
      "lastSuccess": 1759544737113
    },
    "plugins/play.js": {
      "total": 2,
      "success": 2,
      "last": 1759450111868,
      "lastSuccess": 1759450111868
    },
    "plugins/tools-removebg.mjs": {
      "total": 4,
      "success": 4,
      "last": 1759459558786,
      "lastSuccess": 1759459558786
    },
    "plugins/donate.mjs": {
      "total": 2,
      "success": 2,
      "last": 1759460923282,
      "lastSuccess": 1759460923282
    },
    "plugins/iqc.mjs": {
      "total": 3,
      "success": 3,
      "last": 1759471831710,
      "lastSuccess": 1759471831710
    },
    "plugins/tourl.mjs": {
      "total": 5,
      "success": 5,
      "last": 1759544024927,
      "lastSuccess": 1759544024927
    },
    "plugins/deep-ai.mjs": {
      "total": 12,
      "success": 12,
      "last": 1759512834049,
      "lastSuccess": 1759512834049
    },
    "plugins/tagall.mjs": {
      "total": 3,
      "success": 3,
      "last": 1759493842299,
      "lastSuccess": 1759493842299
    },
    "plugins/fetching-tools.mjs": {
      "total": 6,
      "success": 6,
      "last": 1759553483578,
      "lastSuccess": 1759553483578
    },
    "plugins/tikdl.mjs": {
      "total": 3,
      "success": 3,
      "last": 1759501149728,
      "lastSuccess": 1759501149728
    },
    "plugins/tiks.mjs": {
      "total": 3,
      "success": 3,
      "last": 1759501270830,
      "lastSuccess": 1759501270830
    },
    "plugins/tiktok.js": {
      "total": 5,
      "success": 5,
      "last": 1759501747865,
      "lastSuccess": 1759501747865
    },
    "plugins/tikdl.js": {
      "total": 3,
      "success": 3,
      "last": 1759502191775,
      "lastSuccess": 1759502191775
    },
    "plugins/tt.js": {
      "total": 3,
      "success": 0,
      "last": 1759502505436,
      "lastSuccess": 0
    },
    "plugins/img2img.mjs": {
      "total": 3,
      "success": 3,
      "last": 1759504946379,
      "lastSuccess": 1759504946379
    },
    "plugins/toimg.mjs": {
      "total": 16,
      "success": 16,
      "last": 1759509958066,
      "lastSuccess": 1759509958066
    },
    "plugins/pinterest.js": {
      "total": 7,
      "success": 7,
      "last": 1759551718927,
      "lastSuccess": 1759551718927
    },
    "plugins/nano-banana.mjs": {
      "total": 13,
      "success": 13,
      "last": 1759552339838,
      "lastSuccess": 1759552339838
    },
    "plugins/cekurl.mjs": {
      "total": 3,
      "success": 3,
      "last": 1759512481897,
      "lastSuccess": 1759512481897
    },
    "plugins/fakeml.mjs": {
      "total": 3,
      "success": 3,
      "last": 1759539543383,
      "lastSuccess": 1759539543383
    },
    "plugins/mlfek.mjs": {
      "total": 5,
      "success": 5,
      "last": 1759551973579,
      "lastSuccess": 1759551973579
    },
    "plugins/owner-eval.js": {
      "total": 2,
      "success": 2,
      "last": 1759541451443,
      "lastSuccess": 1759541451443
    },
    "plugins/owner-evalesm.mjs": {
      "total": 2,
      "success": 2,
      "last": 1759543151198,
      "lastSuccess": 1759543151198
    },
    "plugins/pindl.js": {
      "total": 3,
      "success": 3,
      "last": 1759545763017,
      "lastSuccess": 1759545763017
    },
    "plugins/pinn.js": {
      "total": 3,
      "success": 3,
      "last": 1759545911259,
      "lastSuccess": 1759545911259
    },
    "plugins/pins.js": {
      "total": 2,
      "success": 2,
      "last": 1759546034960,
      "lastSuccess": 1759546034960
    },
    "plugins/tofigure.js": {
      "total": 4,
      "success": 4,
      "last": 1759554043762,
      "lastSuccess": 1759554043762
    },
    "plugins/jadwalsholat.js": {
      "total": 2,
      "success": 2,
      "last": 1759554277971,
      "lastSuccess": 1759554277971
    },
    "plugins/plugins.js": {
      "total": 2,
      "success": 2,
      "last": 1759554303079,
      "lastSuccess": 1759554303079
    },
    "plugins/search-lirik.mjs": {
      "total": 3,
      "success": 3,
      "last": 1759554368075,
      "lastSuccess": 1759554368075
    }
  },
  "msgs": {},
  "sticker": {},
  "settings": {
    "6285691811105@s.whatsapp.net": {
      "self": false,
      "autoread": false,
      "resetlimit": "19:37",
      "restrict": true,
      "onlygrup": false,
      "autorestart": true,
      "restartDB": 0,
      "status": 0,
      "anticall": true,
      "clear": true,
      "clearTime": 0,
      "freply": true
    }
  },
  "respon": {}
}